"species";"x";"y"
1;14;371
1;14;372
1;14;377
1;14;378
1;15;367
1;15;370
1;15;373
1;15;374
1;15;375
1;15;376
1;15;377
1;15;378
1;16;367
1;16;370
1;16;372
1;16;373
1;16;377
1;16;378
1;17;366
1;17;369
1;17;372
1;17;376
1;17;378
1;17;379
1;18;364
1;18;366
1;18;368
1;18;369
1;18;375
1;18;378
1;19;364
1;19;366
1;19;368
1;19;369
1;19;371
1;19;374
1;19;376
1;19;378
1;19;379
1;19;396
1;20;366
1;20;370
1;20;374
1;20;375
1;20;377
1;20;378
1;20;379
1;20;393
1;20;394
1;20;395
1;20;396
1;21;372
1;21;375
1;21;377
1;21;379
1;21;394
1;21;396
1;21;397
1;22;366
1;22;367
1;22;368
1;22;369
1;22;371
1;22;374
1;22;379
1;22;380
1;22;392
1;22;394
1;22;395
1;22;398
1;23;364
1;23;367
1;23;370
1;23;372
1;23;373
1;23;374
1;23;377
1;23;379
1;23;390
1;23;391
1;23;393
1;23;398
1;24;366
1;24;369
1;24;371
1;24;373
1;24;378
1;24;381
1;24;390
1;24;391
1;24;396
1;25;368
1;25;372
1;25;373
1;25;374
1;25;375
1;25;376
1;25;389
1;25;390
1;25;393
1;25;398
1;25;399
1;26;367
1;26;368
1;26;371
1;26;376
1;26;377
1;26;381
1;26;386
1;26;387
1;26;391
1;26;392
1;26;393
1;26;394
1;26;399
1;26;400
1;27;368
1;27;369
1;27;370
1;27;371
1;27;372
1;27;375
1;27;376
1;27;379
1;27;380
1;27;386
1;27;389
1;27;390
1;27;397
1;27;400
1;28;372
1;28;375
1;28;377
1;28;378
1;28;385
1;28;387
1;28;388
1;28;389
1;28;390
1;28;391
1;28;392
1;28;396
1;28;397
1;28;398
1;28;400
1;29;371
1;29;372
1;29;375
1;29;377
1;29;378
1;29;385
1;29;387
1;29;389
1;29;391
1;29;393
1;29;395
1;29;398
1;29;400
1;29;401
1;30;369
1;30;370
1;30;374
1;30;377
1;30;378
1;30;385
1;30;387
1;30;388
1;30;390
1;30;392
1;30;394
1;30;401
1;30;402
1;31;369
1;31;371
1;31;373
1;31;378
1;31;384
1;31;385
1;31;386
1;31;389
1;31;391
1;31;393
1;31;397
1;31;398
1;31;399
1;31;400
1;32;370
1;32;372
1;32;373
1;32;375
1;32;376
1;32;377
1;32;386
1;32;387
1;32;388
1;32;390
1;32;391
1;32;392
1;32;393
1;32;399
1;32;400
1;32;401
2;13;371
2;14;369
2;14;371
2;14;372
2;14;375
2;14;376
2;14;377
2;15;370
2;15;373
2;15;375
2;15;376
2;15;377
2;15;378
2;16;366
2;16;367
2;16;368
2;16;370
2;16;371
2;16;372
2;16;373
2;16;375
2;16;377
2;16;378
2;17;366
2;17;370
2;17;371
2;17;372
2;17;374
2;17;376
2;17;378
2;17;379
2;18;363
2;18;364
2;18;366
2;18;368
2;18;369
2;18;371
2;18;373
2;18;375
2;18;378
2;18;379
2;19;363
2;19;364
2;19;366
2;19;370
2;19;371
2;19;372
2;19;376
2;19;377
2;19;378
2;19;379
2;19;395
2;19;396
2;20;363
2;20;364
2;20;366
2;20;367
2;20;370
2;20;374
2;20;375
2;20;376
2;20;377
2;20;379
2;20;393
2;20;394
2;20;395
2;20;396
2;21;363
2;21;364
2;21;370
2;21;371
2;21;372
2;21;373
2;21;374
2;21;375
2;21;377
2;21;378
2;21;379
2;21;392
2;21;393
2;21;394
2;21;396
2;21;397
2;22;366
2;22;368
2;22;371
2;22;372
2;22;374
2;22;375
2;22;378
2;22;379
2;22;380
2;22;392
2;22;393
2;22;394
2;22;395
2;22;396
2;22;397
2;23;363
2;23;364
2;23;366
2;23;367
2;23;371
2;23;372
2;23;373
2;23;374
2;23;380
2;23;390
2;23;391
2;23;393
2;23;395
2;23;397
2;23;398
2;24;366
2;24;369
2;24;371
2;24;377
2;24;378
2;24;381
2;24;389
2;24;390
2;24;391
2;24;393
2;24;397
2;24;398
2;24;399
2;25;368
2;25;370
2;25;377
2;25;379
2;25;381
2;25;387
2;25;388
2;25;389
2;25;390
2;25;394
2;25;397
2;25;398
2;25;399
2;25;400
2;26;370
2;26;372
2;26;374
2;26;375
2;26;377
2;26;378
2;26;379
2;26;380
2;26;381
2;26;386
2;26;387
2;26;388
2;26;389
2;26;390
2;26;392
2;26;393
2;26;394
2;26;395
2;26;397
2;26;398
2;26;399
2;26;400
2;27;369
2;27;370
2;27;371
2;27;373
2;27;375
2;27;378
2;27;379
2;27;380
2;27;386
2;27;387
2;27;388
2;27;389
2;27;390
2;27;391
2;27;393
2;27;396
2;27;398
2;27;399
2;27;400
2;27;401
2;28;369
2;28;370
2;28;371
2;28;373
2;28;375
2;28;378
2;28;380
2;28;385
2;28;386
2;28;387
2;28;388
2;28;389
2;28;392
2;28;393
2;28;396
2;28;397
2;28;398
2;28;399
2;28;400
2;28;401
2;29;370
2;29;371
2;29;376
2;29;378
2;29;379
2;29;385
2;29;386
2;29;387
2;29;388
2;29;389
2;29;390
2;29;399
2;29;400
2;29;401
2;29;402
2;30;369
2;30;370
2;30;374
2;30;377
2;30;378
2;30;385
2;30;386
2;30;387
2;30;389
2;30;390
2;30;391
2;30;392
2;30;394
2;30;399
2;30;400
2;30;401
2;30;402
2;31;369
2;31;370
2;31;371
2;31;372
2;31;373
2;31;375
2;31;376
2;31;385
2;31;387
2;31;391
2;31;393
2;31;396
2;31;397
2;31;400
2;31;401
2;32;370
2;32;372
2;32;373
2;32;374
2;32;376
2;32;386
2;32;388
2;32;391
2;32;392
2;32;393
2;32;394
2;32;395
2;32;396
2;32;397
2;32;399
2;32;400
2;32;401
3;26;380
3;27;380
4;13;370
4;13;371
4;14;369
4;14;370
4;14;371
4;14;372
4;14;375
4;14;376
4;14;377
4;15;366
4;15;367
4;15;368
4;15;369
4;15;370
4;15;371
4;15;372
4;15;373
4;15;374
4;15;375
4;15;376
4;15;377
4;15;378
4;16;365
4;16;366
4;16;367
4;16;368
4;16;369
4;16;370
4;16;371
4;16;372
4;16;373
4;16;374
4;16;375
4;16;376
4;16;377
4;16;378
4;17;364
4;17;365
4;17;366
4;17;367
4;17;368
4;17;369
4;17;370
4;17;371
4;17;372
4;17;373
4;17;374
4;17;375
4;17;376
4;17;377
4;17;378
4;17;379
4;18;363
4;18;364
4;18;365
4;18;366
4;18;367
4;18;368
4;18;369
4;18;370
4;18;371
4;18;372
4;18;373
4;18;374
4;18;375
4;18;376
4;18;377
4;18;378
4;18;379
4;19;363
4;19;364
4;19;365
4;19;366
4;19;367
4;19;369
4;19;370
4;19;371
4;19;372
4;19;373
4;19;374
4;19;375
4;19;376
4;19;377
4;19;378
4;19;379
4;19;394
4;19;395
4;19;396
4;20;363
4;20;364
4;20;365
4;20;366
4;20;367
4;20;368
4;20;369
4;20;370
4;20;371
4;20;372
4;20;373
4;20;374
4;20;375
4;20;376
4;20;377
4;20;378
4;20;379
4;20;380
4;20;393
4;20;394
4;20;395
4;20;396
4;20;397
4;21;363
4;21;364
4;21;365
4;21;366
4;21;367
4;21;368
4;21;369
4;21;370
4;21;371
4;21;372
4;21;373
4;21;374
4;21;375
4;21;376
4;21;377
4;21;378
4;21;379
4;21;380
4;21;392
4;21;393
4;21;394
4;21;396
4;21;397
4;22;363
4;22;364
4;22;365
4;22;366
4;22;367
4;22;368
4;22;369
4;22;370
4;22;371
4;22;372
4;22;373
4;22;374
4;22;375
4;22;376
4;22;377
4;22;378
4;22;379
4;22;380
4;22;391
4;22;392
4;22;393
4;22;394
4;22;395
4;22;397
4;22;398
4;23;363
4;23;364
4;23;365
4;23;366
4;23;367
4;23;368
4;23;369
4;23;370
4;23;371
4;23;372
4;23;373
4;23;374
4;23;375
4;23;376
4;23;377
4;23;378
4;23;379
4;23;380
4;23;381
4;23;391
4;23;392
4;23;393
4;23;395
4;23;398
4;23;399
4;24;363
4;24;364
4;24;365
4;24;366
4;24;367
4;24;368
4;24;369
4;24;370
4;24;371
4;24;372
4;24;373
4;24;374
4;24;375
4;24;376
4;24;377
4;24;378
4;24;379
4;24;380
4;24;381
4;24;389
4;24;390
4;24;391
4;24;393
4;24;394
4;24;397
4;24;399
4;25;363
4;25;367
4;25;368
4;25;369
4;25;370
4;25;371
4;25;372
4;25;373
4;25;374
4;25;375
4;25;376
4;25;377
4;25;378
4;25;379
4;25;380
4;25;381
4;25;387
4;25;388
4;25;389
4;25;390
4;25;391
4;25;392
4;25;393
4;25;397
4;25;399
4;25;400
4;26;367
4;26;368
4;26;369
4;26;370
4;26;371
4;26;372
4;26;373
4;26;374
4;26;375
4;26;376
4;26;377
4;26;378
4;26;379
4;26;380
4;26;381
4;26;386
4;26;387
4;26;389
4;26;390
4;26;391
4;26;392
4;26;395
4;26;397
4;26;398
4;26;399
4;26;400
4;27;368
4;27;369
4;27;370
4;27;371
4;27;372
4;27;373
4;27;374
4;27;375
4;27;376
4;27;377
4;27;378
4;27;379
4;27;380
4;27;386
4;27;387
4;27;389
4;27;390
4;27;398
4;27;400
4;27;401
4;28;368
4;28;369
4;28;370
4;28;371
4;28;372
4;28;373
4;28;374
4;28;376
4;28;377
4;28;378
4;28;379
4;28;380
4;28;385
4;28;387
4;28;388
4;28;389
4;28;390
4;28;391
4;28;393
4;28;396
4;28;397
4;28;398
4;28;400
4;28;401
4;29;368
4;29;369
4;29;370
4;29;371
4;29;372
4;29;373
4;29;374
4;29;375
4;29;376
4;29;377
4;29;378
4;29;379
4;29;385
4;29;386
4;29;387
4;29;391
4;29;395
4;29;399
4;29;400
4;29;401
4;30;369
4;30;370
4;30;371
4;30;372
4;30;373
4;30;374
4;30;376
4;30;377
4;30;378
4;30;385
4;30;386
4;30;387
4;30;388
4;30;389
4;30;390
4;30;392
4;30;395
4;30;396
4;30;400
4;30;401
4;31;368
4;31;369
4;31;370
4;31;371
4;31;372
4;31;373
4;31;374
4;31;375
4;31;376
4;31;377
4;31;378
4;31;379
4;31;385
4;31;386
4;31;387
4;31;389
4;31;390
4;31;391
4;31;392
4;31;393
4;31;395
4;31;397
4;31;398
4;31;400
4;31;401
4;32;368
4;32;369
4;32;370
4;32;371
4;32;372
4;32;373
4;32;374
4;32;375
4;32;376
4;32;377
4;32;385
4;32;386
4;32;387
4;32;389
4;32;391
4;32;392
4;32;393
4;32;394
4;32;395
4;32;399
4;32;400
4;32;401
5;27;400
7;14;370
7;15;370
7;16;367
7;16;368
7;17;377
7;19;366
7;19;367
7;19;376
7;31;370
7;31;371
11;13;371
11;14;367
11;14;370
11;14;371
11;14;372
11;14;375
11;14;376
11;14;377
11;15;366
11;15;367
11;15;368
11;15;369
11;15;370
11;15;371
11;15;372
11;15;373
11;15;374
11;15;375
11;15;376
11;15;377
11;15;378
11;16;365
11;16;366
11;16;367
11;16;368
11;16;369
11;16;371
11;16;372
11;16;373
11;16;374
11;16;375
11;16;376
11;16;377
11;16;378
11;17;364
11;17;365
11;17;366
11;17;367
11;17;368
11;17;369
11;17;370
11;17;371
11;17;373
11;17;374
11;17;375
11;17;376
11;17;377
11;17;378
11;17;379
11;18;363
11;18;364
11;18;365
11;18;366
11;18;368
11;18;369
11;18;370
11;18;371
11;18;372
11;18;375
11;18;378
11;18;379
11;19;363
11;19;364
11;19;365
11;19;366
11;19;367
11;19;368
11;19;369
11;19;370
11;19;372
11;19;374
11;19;375
11;19;376
11;19;378
11;19;379
11;19;394
11;20;363
11;20;364
11;20;366
11;20;367
11;20;368
11;20;369
11;20;370
11;20;371
11;20;372
11;20;373
11;20;374
11;20;375
11;20;377
11;20;378
11;20;379
11;20;393
11;20;395
11;20;396
11;21;363
11;21;364
11;21;365
11;21;366
11;21;367
11;21;368
11;21;369
11;21;370
11;21;371
11;21;372
11;21;373
11;21;374
11;21;375
11;21;376
11;21;377
11;21;378
11;21;379
11;21;380
11;21;392
11;21;393
11;21;397
11;22;363
11;22;364
11;22;365
11;22;366
11;22;367
11;22;368
11;22;369
11;22;370
11;22;371
11;22;372
11;22;373
11;22;374
11;22;375
11;22;376
11;22;377
11;22;378
11;22;379
11;22;380
11;22;392
11;22;393
11;22;394
11;22;397
11;23;363
11;23;364
11;23;365
11;23;366
11;23;367
11;23;368
11;23;369
11;23;370
11;23;371
11;23;372
11;23;373
11;23;374
11;23;375
11;23;377
11;23;378
11;23;379
11;23;391
11;23;392
11;23;393
11;23;395
11;23;398
11;23;399
11;24;363
11;24;364
11;24;365
11;24;366
11;24;367
11;24;368
11;24;369
11;24;371
11;24;372
11;24;373
11;24;375
11;24;376
11;24;378
11;24;379
11;24;381
11;24;390
11;24;391
11;24;393
11;24;396
11;24;398
11;24;399
11;25;363
11;25;367
11;25;368
11;25;369
11;25;370
11;25;371
11;25;372
11;25;373
11;25;374
11;25;375
11;25;376
11;25;377
11;25;378
11;25;379
11;25;381
11;25;387
11;25;388
11;25;389
11;25;393
11;25;397
11;25;398
11;25;399
11;26;367
11;26;368
11;26;369
11;26;370
11;26;371
11;26;372
11;26;373
11;26;375
11;26;376
11;26;377
11;26;378
11;26;380
11;26;381
11;26;389
11;26;390
11;26;399
11;26;400
11;27;368
11;27;369
11;27;370
11;27;371
11;27;372
11;27;374
11;27;375
11;27;376
11;27;377
11;27;378
11;27;379
11;27;380
11;27;386
11;27;387
11;27;388
11;27;389
11;27;390
11;27;391
11;27;398
11;27;399
11;27;400
11;28;369
11;28;371
11;28;372
11;28;375
11;28;376
11;28;377
11;28;378
11;28;379
11;28;385
11;28;386
11;28;387
11;28;388
11;28;389
11;28;390
11;28;392
11;28;395
11;28;396
11;28;398
11;28;399
11;28;400
11;29;368
11;29;369
11;29;370
11;29;371
11;29;372
11;29;373
11;29;375
11;29;376
11;29;377
11;29;378
11;29;379
11;29;385
11;29;386
11;29;387
11;29;388
11;29;389
11;29;390
11;29;392
11;29;394
11;29;400
11;30;370
11;30;371
11;30;372
11;30;373
11;30;374
11;30;375
11;30;376
11;30;377
11;30;378
11;30;385
11;30;386
11;30;387
11;30;390
11;30;391
11;30;398
11;30;400
11;30;401
11;31;368
11;31;369
11;31;370
11;31;371
11;31;372
11;31;373
11;31;374
11;31;375
11;31;376
11;31;377
11;31;378
11;31;385
11;31;386
11;31;387
11;31;389
11;31;390
11;31;391
11;31;392
11;31;393
11;31;394
11;31;395
11;31;399
11;31;401
11;32;368
11;32;369
11;32;370
11;32;371
11;32;372
11;32;373
11;32;374
11;32;375
11;32;376
11;32;377
11;32;385
11;32;386
11;32;390
11;32;391
11;32;392
11;32;393
11;32;395
11;32;396
11;32;398
11;32;399
11;32;400
11;32;401
12;13;371
12;14;367
12;14;371
12;14;372
12;14;375
12;15;368
12;15;370
12;15;371
12;15;372
12;15;373
12;15;374
12;15;375
12;15;376
12;16;366
12;16;367
12;16;368
12;16;372
12;16;373
12;16;378
12;17;366
12;17;372
12;17;373
12;17;374
12;17;376
12;17;377
12;17;378
12;17;379
12;18;366
12;18;369
12;18;371
12;18;374
12;18;375
12;18;376
12;18;378
12;18;379
12;19;363
12;19;365
12;19;366
12;19;367
12;19;369
12;19;372
12;19;373
12;19;378
12;20;365
12;20;366
12;20;369
12;20;371
12;20;372
12;20;374
12;20;376
12;20;378
12;20;379
12;21;366
12;21;368
12;21;369
12;21;371
12;21;372
12;21;373
12;21;374
12;21;376
12;21;377
12;21;378
12;21;379
12;21;396
12;22;364
12;22;367
12;22;368
12;22;371
12;22;372
12;22;373
12;22;374
12;22;375
12;22;376
12;22;379
12;23;366
12;23;367
12;23;371
12;23;372
12;23;373
12;23;374
12;23;375
12;23;376
12;23;377
12;23;378
12;23;379
12;23;380
12;24;368
12;24;369
12;24;371
12;24;375
12;24;376
12;24;377
12;24;378
12;25;368
12;25;369
12;25;371
12;25;372
12;25;374
12;25;377
12;25;378
12;25;381
12;26;368
12;26;370
12;26;373
12;26;375
12;26;376
12;26;377
12;26;379
12;27;368
12;27;372
12;27;375
12;27;376
12;27;379
12;27;380
12;27;386
12;28;371
12;28;375
12;28;377
12;28;378
12;28;379
12;28;397
12;29;368
12;29;370
12;29;371
12;29;372
12;29;375
12;29;378
12;29;385
12;30;370
12;30;372
12;30;375
12;30;378
12;30;385
12;30;387
12;30;391
12;31;368
12;31;369
12;31;371
12;31;374
12;31;377
12;31;378
12;31;388
12;31;391
12;31;392
12;32;368
12;32;369
12;32;371
12;32;374
12;32;377
12;32;391
13;14;370
13;14;372
13;14;375
13;14;376
13;14;377
13;15;368
13;15;369
13;15;371
13;15;372
13;15;373
13;15;374
13;15;375
13;15;376
13;15;377
13;15;378
13;16;365
13;16;368
13;16;369
13;16;372
13;16;373
13;16;374
13;17;364
13;17;368
13;17;369
13;17;370
13;17;371
13;17;372
13;17;373
13;17;374
13;17;376
13;17;378
13;18;365
13;18;366
13;18;367
13;18;368
13;18;369
13;18;370
13;18;371
13;18;372
13;18;374
13;18;375
13;18;376
13;19;366
13;19;369
13;19;370
13;19;371
13;19;372
13;19;373
13;19;375
13;19;376
13;19;377
13;19;378
13;19;379
13;20;369
13;20;370
13;20;371
13;20;372
13;20;373
13;20;375
13;20;376
13;20;377
13;20;378
13;20;379
13;21;371
13;21;372
13;21;373
13;21;374
13;21;375
13;21;378
13;21;379
13;21;393
13;21;394
13;22;370
13;22;371
13;22;372
13;22;373
13;22;374
13;22;375
13;22;376
13;22;377
13;22;378
13;22;380
13;23;367
13;23;369
13;23;370
13;23;371
13;23;372
13;23;373
13;23;375
13;23;379
13;23;380
13;24;368
13;24;369
13;24;372
13;24;377
13;24;378
13;24;379
13;24;380
13;24;381
13;25;367
13;25;368
13;25;370
13;25;374
13;25;376
13;25;377
13;25;378
13;25;379
13;25;388
13;26;368
13;26;373
13;26;374
13;26;376
13;26;377
13;27;369
13;27;374
13;27;377
13;27;378
13;27;386
13;27;400
13;28;368
13;28;370
13;28;371
13;28;374
13;28;375
13;28;378
13;29;370
13;29;372
13;29;375
13;29;376
13;30;369
13;30;370
13;30;375
13;30;378
13;30;401
13;31;369
13;31;370
13;31;374
13;31;375
13;31;377
13;31;378
13;31;401
13;32;368
13;32;369
13;32;372
13;32;373
13;32;377
13;32;400
13;32;401
15;19;367
15;19;372
16;19;379
16;21;394
16;22;366
16;22;375
16;22;380
16;23;376
16;25;389
16;25;399
16;25;400
16;26;387
16;26;400
16;27;380
16;27;400
16;27;401
16;28;401
16;30;390
16;32;391
16;32;401
17;14;371
17;14;376
17;14;377
17;15;373
17;15;374
17;15;375
17;16;373
17;17;373
17;17;376
17;18;373
17;18;375
17;18;379
17;19;370
17;19;375
17;20;366
17;20;370
17;20;371
17;20;377
17;20;395
17;21;366
17;21;370
17;21;372
17;21;379
17;22;368
17;22;375
17;22;376
17;22;377
17;22;380
17;22;393
17;23;363
17;23;370
17;23;371
17;23;372
17;23;375
17;23;376
17;23;377
17;23;380
17;23;391
17;23;395
17;24;377
17;24;378
17;24;389
17;24;390
17;25;372
17;25;377
17;25;378
17;25;379
17;26;377
17;26;388
17;26;399
17;26;400
17;27;373
17;27;380
17;27;386
17;27;400
17;28;371
17;28;399
17;29;373
17;29;376
17;29;390
17;30;370
17;30;385
17;30;387
17;30;397
17;30;399
17;30;401
17;31;368
17;31;369
17;31;391
17;31;392
17;32;369
17;32;370
17;32;373
17;32;375
17;32;400
17;32;401
18;13;371
18;14;369
18;14;370
18;14;371
18;14;375
18;14;376
18;14;377
18;15;366
18;15;367
18;15;368
18;15;369
18;15;370
18;15;371
18;15;372
18;15;373
18;15;374
18;15;375
18;15;376
18;15;377
18;15;378
18;16;365
18;16;366
18;16;367
18;16;368
18;16;369
18;16;370
18;16;371
18;16;372
18;16;373
18;16;374
18;16;375
18;16;376
18;16;377
18;16;378
18;17;364
18;17;365
18;17;366
18;17;367
18;17;368
18;17;369
18;17;370
18;17;371
18;17;372
18;17;373
18;17;374
18;17;375
18;17;376
18;17;377
18;17;378
18;17;379
18;18;363
18;18;364
18;18;365
18;18;366
18;18;367
18;18;368
18;18;369
18;18;370
18;18;371
18;18;372
18;18;373
18;18;374
18;18;376
18;18;377
18;18;379
18;19;363
18;19;364
18;19;365
18;19;366
18;19;367
18;19;368
18;19;369
18;19;370
18;19;371
18;19;372
18;19;373
18;19;374
18;19;375
18;19;376
18;19;377
18;19;378
18;19;379
18;19;394
18;19;395
18;19;396
18;20;363
18;20;364
18;20;365
18;20;366
18;20;367
18;20;368
18;20;369
18;20;370
18;20;371
18;20;372
18;20;373
18;20;374
18;20;375
18;20;376
18;20;377
18;20;378
18;20;379
18;20;380
18;20;393
18;20;394
18;20;395
18;20;396
18;20;397
18;21;363
18;21;364
18;21;365
18;21;366
18;21;367
18;21;368
18;21;369
18;21;370
18;21;371
18;21;372
18;21;373
18;21;374
18;21;375
18;21;376
18;21;377
18;21;378
18;21;379
18;21;380
18;21;392
18;21;393
18;21;394
18;21;395
18;21;396
18;21;397
18;22;363
18;22;364
18;22;365
18;22;366
18;22;367
18;22;368
18;22;369
18;22;370
18;22;371
18;22;372
18;22;373
18;22;374
18;22;375
18;22;376
18;22;377
18;22;378
18;22;379
18;22;380
18;22;391
18;22;392
18;22;393
18;22;394
18;22;395
18;22;396
18;22;397
18;22;398
18;23;363
18;23;364
18;23;365
18;23;366
18;23;367
18;23;368
18;23;369
18;23;370
18;23;371
18;23;372
18;23;373
18;23;374
18;23;375
18;23;376
18;23;377
18;23;378
18;23;379
18;23;380
18;23;381
18;23;391
18;23;392
18;23;393
18;23;394
18;23;395
18;23;396
18;23;397
18;23;398
18;24;363
18;24;364
18;24;365
18;24;366
18;24;367
18;24;368
18;24;369
18;24;370
18;24;371
18;24;372
18;24;373
18;24;374
18;24;375
18;24;376
18;24;377
18;24;378
18;24;379
18;24;380
18;24;381
18;24;389
18;24;390
18;24;391
18;24;392
18;24;393
18;24;394
18;24;395
18;24;396
18;24;397
18;24;398
18;24;399
18;25;363
18;25;367
18;25;368
18;25;369
18;25;370
18;25;372
18;25;373
18;25;374
18;25;375
18;25;376
18;25;377
18;25;378
18;25;379
18;25;380
18;25;381
18;25;387
18;25;388
18;25;389
18;25;390
18;25;391
18;25;392
18;25;394
18;25;395
18;25;396
18;25;397
18;25;398
18;25;399
18;26;367
18;26;368
18;26;369
18;26;370
18;26;371
18;26;372
18;26;373
18;26;374
18;26;375
18;26;376
18;26;377
18;26;378
18;26;379
18;26;380
18;26;381
18;26;386
18;26;387
18;26;388
18;26;389
18;26;390
18;26;392
18;26;393
18;26;394
18;26;395
18;26;396
18;26;397
18;26;398
18;26;399
18;26;400
18;27;368
18;27;369
18;27;370
18;27;371
18;27;372
18;27;373
18;27;374
18;27;375
18;27;376
18;27;377
18;27;378
18;27;379
18;27;380
18;27;386
18;27;387
18;27;388
18;27;389
18;27;390
18;27;392
18;27;393
18;27;394
18;27;395
18;27;396
18;27;397
18;27;398
18;27;399
18;27;400
18;27;401
18;28;368
18;28;369
18;28;370
18;28;371
18;28;372
18;28;373
18;28;374
18;28;375
18;28;376
18;28;377
18;28;379
18;28;380
18;28;385
18;28;387
18;28;388
18;28;389
18;28;390
18;28;391
18;28;392
18;28;393
18;28;394
18;28;395
18;28;396
18;28;397
18;28;398
18;28;399
18;28;400
18;28;401
18;29;368
18;29;369
18;29;370
18;29;371
18;29;372
18;29;373
18;29;374
18;29;375
18;29;376
18;29;377
18;29;378
18;29;379
18;29;385
18;29;386
18;29;387
18;29;388
18;29;389
18;29;390
18;29;391
18;29;392
18;29;393
18;29;394
18;29;395
18;29;396
18;29;397
18;29;399
18;29;400
18;29;401
18;30;369
18;30;370
18;30;371
18;30;372
18;30;373
18;30;374
18;30;375
18;30;376
18;30;377
18;30;378
18;30;385
18;30;386
18;30;387
18;30;388
18;30;389
18;30;390
18;30;391
18;30;392
18;30;393
18;30;394
18;30;395
18;30;396
18;30;397
18;30;398
18;30;399
18;30;400
18;30;401
18;31;368
18;31;369
18;31;370
18;31;371
18;31;372
18;31;373
18;31;374
18;31;375
18;31;376
18;31;377
18;31;378
18;31;379
18;31;385
18;31;386
18;31;387
18;31;388
18;31;389
18;31;390
18;31;391
18;31;392
18;31;393
18;31;394
18;31;395
18;31;396
18;31;397
18;31;398
18;31;399
18;31;401
18;32;368
18;32;369
18;32;370
18;32;371
18;32;372
18;32;373
18;32;374
18;32;375
18;32;376
18;32;377
18;32;378
18;32;379
18;32;385
18;32;386
18;32;387
18;32;388
18;32;389
18;32;390
18;32;391
18;32;392
18;32;393
18;32;394
18;32;395
18;32;397
18;32;398
18;32;399
18;32;400
18;32;401
19;14;375
19;14;376
19;14;377
19;15;368
19;15;370
19;15;371
19;15;373
19;15;374
19;15;375
19;15;376
19;15;377
19;15;378
19;16;366
19;16;367
19;16;368
19;16;370
19;16;372
19;16;373
19;16;374
19;16;377
19;17;369
19;17;371
19;17;376
19;18;366
19;18;368
19;18;369
19;18;370
19;18;372
19;18;378
19;18;379
19;19;363
19;19;364
19;19;366
19;19;367
19;19;370
19;19;372
19;19;374
19;19;378
19;19;379
19;19;395
19;19;396
19;20;364
19;20;366
19;20;369
19;20;370
19;20;377
19;20;393
19;20;394
19;20;396
19;21;363
19;21;364
19;21;366
19;21;372
19;21;374
19;21;376
19;21;378
19;21;379
19;21;393
19;21;394
19;22;363
19;22;366
19;22;367
19;22;372
19;22;375
19;22;376
19;22;377
19;22;379
19;22;380
19;22;392
19;22;398
19;23;363
19;23;364
19;23;365
19;23;366
19;23;367
19;23;371
19;23;373
19;23;374
19;23;375
19;23;376
19;23;377
19;23;378
19;23;380
19;23;391
19;23;395
19;23;398
19;24;364
19;24;366
19;24;370
19;24;375
19;24;376
19;24;377
19;24;380
19;24;381
19;24;389
19;24;390
19;24;391
19;24;392
19;24;399
19;25;375
19;25;377
19;25;379
19;25;381
19;25;387
19;25;388
19;25;389
19;25;399
19;25;400
19;26;369
19;26;374
19;26;377
19;26;378
19;26;379
19;26;380
19;26;399
19;26;400
19;27;373
19;27;374
19;27;380
19;27;389
19;27;400
19;27;401
19;28;371
19;28;380
19;28;388
19;28;389
19;28;392
19;28;400
19;28;401
19;29;370
19;29;390
19;29;392
19;29;393
19;29;394
19;29;396
19;29;401
19;30;370
19;30;372
19;30;378
19;30;386
19;30;392
19;30;396
19;30;397
19;30;398
19;30;399
19;30;400
19;30;401
19;31;378
19;31;389
19;31;390
19;31;391
19;31;392
19;31;393
19;31;401
19;32;377
19;32;391
19;32;392
19;32;393
19;32;394
19;32;397
19;32;400
19;32;401
20;19;364
20;22;366
20;22;380
20;23;391
20;25;388
20;25;399
20;26;400
20;27;401
20;28;401
20;29;401
20;30;385
20;30;386
20;30;401
20;31;391
20;32;391
21;15;377
21;19;379
21;20;393
21;20;396
21;20;397
21;21;397
21;22;380
21;22;392
21;22;397
21;23;391
21;23;398
21;24;389
21;24;390
21;24;391
21;24;399
21;25;387
21;25;388
21;25;389
21;25;399
21;25;400
21;26;386
21;26;400
21;27;400
21;27;401
21;28;400
21;28;401
21;29;401
21;30;385
21;30;386
21;30;400
21;30;401
21;31;390
21;31;391
21;31;401
21;32;391
21;32;400
21;32;401
24;16;375
24;21;371
24;22;380
24;26;399
24;27;399
24;28;400
24;29;401
24;30;401
24;31;394
24;32;391
27;14;378
27;15;369
27;15;371
27;15;373
27;15;375
27;15;376
27;15;377
27;15;378
27;16;367
27;16;368
27;16;370
27;16;375
27;16;376
27;17;367
27;17;369
27;17;377
27;18;368
27;18;369
27;18;370
27;18;379
27;19;367
27;19;369
27;19;370
27;20;366
27;20;370
27;21;371
27;22;365
27;22;371
27;22;375
27;22;376
27;22;377
27;22;378
27;23;367
27;23;373
27;23;375
27;23;377
27;23;378
27;24;373
27;24;375
27;24;376
27;24;377
27;24;381
27;25;378
27;26;368
27;26;376
27;27;373
27;28;369
27;28;373
27;28;376
27;28;379
27;29;372
27;29;373
27;29;376
27;30;370
27;30;371
27;30;400
27;30;401
27;31;368
27;31;369
27;32;368
27;32;369
28;14;370
28;14;376
28;14;377
28;15;370
28;15;371
28;15;373
28;15;374
28;15;375
28;15;377
28;16;365
28;16;367
28;16;368
28;16;369
28;16;373
28;16;376
28;16;377
28;16;378
28;17;365
28;17;368
28;17;369
28;17;375
28;17;378
28;18;366
28;18;367
28;18;368
28;18;369
28;18;370
28;18;372
28;18;379
28;19;363
28;19;364
28;19;365
28;19;367
28;20;363
28;20;364
28;20;365
28;20;367
28;20;370
28;20;372
28;20;379
28;20;393
28;20;394
28;20;395
28;21;364
28;21;365
28;21;366
28;21;371
28;21;372
28;21;373
28;21;379
28;22;363
28;22;366
28;22;367
28;22;371
28;22;373
28;22;374
28;22;375
28;22;379
28;23;363
28;23;364
28;23;366
28;23;368
28;23;370
28;23;372
28;23;373
28;23;375
28;23;378
28;23;379
28;24;366
28;24;371
28;24;373
28;24;396
28;24;398
28;24;399
28;25;372
28;25;377
28;25;389
28;25;397
28;25;399
28;26;369
28;26;370
28;26;373
28;26;374
28;26;375
28;26;377
28;26;380
28;26;388
28;26;390
28;27;370
28;27;372
28;27;373
28;27;374
28;27;389
28;27;390
28;27;393
28;27;400
28;28;371
28;28;373
28;28;375
28;28;376
28;28;378
28;28;385
28;28;395
28;28;398
28;28;399
28;28;400
28;28;401
28;29;372
28;29;373
28;29;374
28;29;376
28;29;400
28;29;401
28;30;371
28;30;372
28;30;374
28;30;376
28;30;377
28;30;378
28;30;386
28;30;390
28;30;391
28;30;395
28;30;400
28;30;401
28;31;368
28;31;371
28;31;374
28;31;375
28;31;378
28;31;386
28;31;387
28;31;391
28;31;392
28;31;398
28;31;399
28;31;401
28;32;387
28;32;391
28;32;392
28;32;393
28;32;400
28;32;401
29;13;371
29;14;371
29;14;372
29;14;377
29;15;370
29;15;371
29;15;373
29;15;374
29;15;375
29;15;376
29;15;377
29;16;368
29;16;371
29;16;372
29;16;375
29;16;377
29;16;378
29;17;369
29;17;372
29;17;373
29;17;376
29;17;377
29;18;366
29;18;373
29;18;375
29;18;378
29;18;379
29;19;364
29;19;366
29;19;372
29;19;373
29;19;374
29;19;376
29;19;379
29;19;394
29;20;366
29;20;372
29;20;373
29;20;374
29;20;375
29;20;379
29;20;393
29;20;394
29;20;395
29;20;396
29;21;372
29;21;373
29;21;375
29;21;376
29;21;377
29;21;392
29;21;393
29;21;394
29;21;396
29;21;397
29;22;365
29;22;372
29;22;373
29;22;375
29;22;376
29;22;391
29;22;392
29;22;393
29;22;394
29;22;395
29;22;396
29;22;397
29;22;398
29;23;372
29;23;373
29;23;374
29;23;375
29;23;380
29;23;391
29;23;392
29;23;393
29;23;395
29;23;396
29;23;397
29;23;398
29;23;399
29;24;372
29;24;377
29;24;378
29;24;379
29;24;381
29;24;389
29;24;390
29;24;391
29;24;392
29;24;393
29;24;394
29;24;395
29;24;397
29;24;398
29;24;399
29;25;370
29;25;371
29;25;375
29;25;378
29;25;387
29;25;388
29;25;389
29;25;390
29;25;391
29;25;392
29;25;393
29;25;395
29;25;396
29;25;397
29;25;399
29;25;400
29;26;376
29;26;377
29;26;380
29;26;381
29;26;386
29;26;387
29;26;388
29;26;389
29;26;391
29;26;392
29;26;393
29;26;395
29;26;396
29;26;397
29;26;398
29;26;399
29;26;400
29;27;369
29;27;375
29;27;378
29;27;380
29;27;386
29;27;387
29;27;388
29;27;389
29;27;390
29;27;392
29;27;393
29;27;394
29;27;395
29;27;397
29;27;398
29;27;400
29;27;401
29;28;369
29;28;375
29;28;380
29;28;385
29;28;386
29;28;387
29;28;388
29;28;389
29;28;390
29;28;391
29;28;392
29;28;393
29;28;394
29;28;395
29;28;396
29;28;397
29;28;398
29;28;399
29;28;400
29;28;401
29;29;385
29;29;386
29;29;387
29;29;388
29;29;389
29;29;390
29;29;393
29;29;394
29;29;395
29;29;396
29;29;397
29;29;398
29;29;399
29;29;400
29;29;401
29;30;375
29;30;378
29;30;385
29;30;387
29;30;389
29;30;390
29;30;391
29;30;392
29;30;393
29;30;394
29;30;397
29;30;398
29;30;399
29;30;400
29;30;401
29;31;371
29;31;372
29;31;377
29;31;385
29;31;386
29;31;387
29;31;388
29;31;389
29;31;390
29;31;391
29;31;392
29;31;393
29;31;394
29;31;395
29;31;396
29;31;397
29;31;398
29;31;399
29;31;401
29;32;372
29;32;373
29;32;385
29;32;386
29;32;387
29;32;388
29;32;389
29;32;390
29;32;391
29;32;392
29;32;393
29;32;394
29;32;395
29;32;396
29;32;397
29;32;398
29;32;399
29;32;400
29;32;401
31;20;372
31;21;372
32;21;368
32;21;373
32;21;377
32;22;373
32;22;375
32;23;380
32;24;399
32;26;390
32;27;389
32;28;385
32;28;400
32;29;387
32;31;371
32;31;401
33;22;391
33;23;391
33;24;390
33;24;391
33;24;399
33;25;388
33;25;389
33;25;399
33;26;399
33;26;400
33;28;388
34;22;366
34;24;390
34;24;398
34;25;388
34;25;389
34;25;399
34;26;399
34;26;400
34;27;388
34;27;400
34;28;400
34;29;390
34;29;400
34;30;391
34;31;391
34;31;394
35;13;371
35;14;370
35;14;371
35;14;372
35;14;375
35;14;376
35;14;377
35;15;368
35;15;369
35;15;370
35;15;371
35;15;372
35;15;373
35;15;374
35;15;375
35;15;376
35;15;377
35;15;378
35;16;365
35;16;366
35;16;367
35;16;368
35;16;369
35;16;371
35;16;372
35;16;373
35;16;374
35;16;375
35;16;376
35;16;378
35;17;368
35;17;369
35;17;370
35;17;372
35;17;373
35;17;374
35;17;377
35;17;378
35;18;363
35;18;365
35;18;366
35;18;367
35;18;368
35;18;369
35;18;370
35;18;371
35;18;372
35;18;373
35;18;374
35;18;375
35;18;378
35;18;379
35;19;366
35;19;367
35;19;369
35;19;370
35;19;371
35;19;372
35;19;373
35;19;374
35;19;375
35;19;376
35;19;377
35;19;378
35;19;379
35;19;394
35;19;395
35;19;396
35;20;363
35;20;366
35;20;369
35;20;370
35;20;371
35;20;372
35;20;373
35;20;374
35;20;375
35;20;376
35;20;377
35;20;378
35;20;379
35;20;393
35;20;394
35;20;395
35;20;396
35;20;397
35;21;363
35;21;368
35;21;369
35;21;370
35;21;371
35;21;372
35;21;373
35;21;374
35;21;375
35;21;376
35;21;377
35;21;378
35;21;379
35;21;380
35;21;392
35;21;393
35;21;394
35;21;395
35;21;397
35;22;367
35;22;368
35;22;369
35;22;370
35;22;371
35;22;372
35;22;373
35;22;374
35;22;375
35;22;376
35;22;377
35;22;378
35;22;380
35;22;392
35;22;393
35;22;394
35;22;396
35;22;397
35;22;398
35;23;363
35;23;364
35;23;366
35;23;367
35;23;368
35;23;369
35;23;371
35;23;372
35;23;373
35;23;374
35;23;375
35;23;377
35;23;378
35;23;379
35;23;380
35;23;390
35;23;391
35;23;393
35;23;394
35;23;395
35;23;396
35;23;398
35;23;399
35;24;366
35;24;367
35;24;368
35;24;369
35;24;372
35;24;373
35;24;374
35;24;376
35;24;377
35;24;378
35;24;379
35;24;380
35;24;381
35;24;389
35;24;390
35;24;391
35;24;392
35;24;393
35;24;394
35;24;396
35;24;398
35;24;399
35;25;367
35;25;368
35;25;371
35;25;373
35;25;374
35;25;375
35;25;376
35;25;378
35;25;379
35;25;380
35;25;381
35;25;387
35;25;388
35;25;389
35;25;391
35;25;393
35;25;394
35;25;397
35;25;399
35;25;400
35;26;368
35;26;372
35;26;373
35;26;374
35;26;375
35;26;376
35;26;377
35;26;378
35;26;379
35;26;380
35;26;381
35;26;386
35;26;387
35;26;389
35;26;391
35;26;392
35;26;393
35;26;395
35;26;398
35;26;399
35;26;400
35;27;368
35;27;369
35;27;371
35;27;372
35;27;374
35;27;375
35;27;376
35;27;377
35;27;378
35;27;379
35;27;380
35;27;386
35;27;387
35;27;388
35;27;389
35;27;390
35;27;394
35;27;395
35;27;396
35;27;399
35;27;400
35;27;401
35;28;369
35;28;370
35;28;371
35;28;373
35;28;377
35;28;378
35;28;379
35;28;380
35;28;385
35;28;387
35;28;388
35;28;389
35;28;390
35;28;391
35;28;392
35;28;395
35;28;396
35;28;397
35;28;399
35;28;400
35;28;401
35;29;368
35;29;369
35;29;370
35;29;371
35;29;373
35;29;375
35;29;376
35;29;377
35;29;378
35;29;379
35;29;385
35;29;386
35;29;387
35;29;388
35;29;389
35;29;390
35;29;396
35;29;399
35;29;400
35;29;401
35;30;370
35;30;371
35;30;372
35;30;377
35;30;378
35;30;385
35;30;386
35;30;387
35;30;388
35;30;390
35;30;391
35;30;392
35;30;393
35;30;397
35;30;400
35;30;401
35;31;368
35;31;369
35;31;370
35;31;372
35;31;373
35;31;374
35;31;375
35;31;376
35;31;377
35;31;385
35;31;386
35;31;387
35;31;389
35;31;390
35;31;391
35;31;392
35;31;395
35;31;397
35;31;399
35;31;400
35;31;401
35;32;368
35;32;369
35;32;371
35;32;372
35;32;373
35;32;374
35;32;375
35;32;376
35;32;385
35;32;386
35;32;389
35;32;391
35;32;392
35;32;398
35;32;399
35;32;400
35;32;401
36;14;371
36;14;375
36;14;377
36;14;378
36;15;367
36;15;370
36;15;373
36;15;374
36;15;377
36;15;378
36;16;368
36;16;369
36;16;371
36;16;372
36;16;373
36;16;375
36;16;378
36;17;365
36;17;366
36;17;368
36;17;371
36;17;376
36;17;378
36;17;379
36;18;366
36;18;368
36;18;369
36;18;370
36;18;373
36;18;375
36;18;378
36;19;363
36;19;364
36;19;366
36;19;367
36;19;368
36;19;369
36;19;371
36;19;372
36;19;374
36;19;376
36;19;377
36;19;378
36;19;379
36;19;394
36;19;395
36;19;396
36;20;363
36;20;365
36;20;366
36;20;367
36;20;368
36;20;370
36;20;375
36;20;377
36;20;378
36;20;379
36;20;393
36;20;394
36;20;396
36;20;397
36;21;364
36;21;365
36;21;370
36;21;372
36;21;375
36;21;379
36;21;380
36;21;392
36;21;393
36;21;394
36;21;395
36;21;396
36;22;363
36;22;366
36;22;367
36;22;369
36;22;370
36;22;371
36;22;372
36;22;375
36;22;378
36;22;379
36;22;392
36;22;393
36;22;394
36;22;395
36;22;396
36;22;397
36;23;365
36;23;368
36;23;369
36;23;370
36;23;371
36;23;372
36;23;374
36;23;379
36;23;391
36;23;392
36;23;395
36;23;396
36;23;397
36;24;366
36;24;367
36;24;371
36;24;372
36;24;374
36;24;375
36;24;376
36;24;378
36;24;379
36;24;381
36;24;389
36;24;390
36;24;391
36;24;392
36;24;393
36;24;396
36;24;397
36;24;399
36;25;369
36;25;371
36;25;372
36;25;375
36;25;378
36;25;380
36;25;381
36;25;387
36;25;388
36;25;389
36;25;390
36;25;391
36;25;392
36;25;393
36;25;397
36;25;398
36;25;399
36;25;400
36;26;370
36;26;371
36;26;375
36;26;377
36;26;379
36;26;380
36;26;386
36;26;387
36;26;390
36;26;392
36;26;393
36;26;394
36;26;397
36;26;398
36;26;399
36;26;400
36;27;370
36;27;375
36;27;376
36;27;378
36;27;379
36;27;380
36;27;386
36;27;387
36;27;388
36;27;389
36;27;390
36;27;393
36;27;394
36;27;395
36;27;398
36;27;399
36;27;400
36;27;401
36;28;373
36;28;375
36;28;379
36;28;380
36;28;385
36;28;387
36;28;388
36;28;389
36;28;390
36;28;392
36;28;394
36;28;395
36;28;396
36;28;397
36;28;398
36;28;399
36;28;400
36;29;371
36;29;376
36;29;386
36;29;387
36;29;388
36;29;389
36;29;390
36;29;391
36;29;394
36;29;398
36;29;399
36;29;400
36;29;401
36;30;374
36;30;378
36;30;385
36;30;386
36;30;387
36;30;388
36;30;390
36;30;392
36;30;396
36;30;399
36;30;400
36;30;401
36;31;370
36;31;371
36;31;372
36;31;378
36;31;385
36;31;386
36;31;387
36;31;391
36;31;393
36;31;395
36;31;397
36;31;398
36;31;399
36;31;400
36;31;401
36;32;370
36;32;374
36;32;377
36;32;378
36;32;385
36;32;386
36;32;387
36;32;388
36;32;389
36;32;391
36;32;392
36;32;393
36;32;394
36;32;395
36;32;398
36;32;399
36;32;400
36;32;401
37;14;375
37;16;373
37;18;363
37;19;363
37;19;367
37;19;376
37;19;377
37;27;371
37;27;386
37;27;390
37;28;401
37;29;387
37;30;390
37;31;400
38;22;379
39;29;401
40;14;371
40;14;375
40;14;376
40;14;377
40;15;370
40;15;371
40;15;373
40;15;374
40;15;375
40;15;376
40;15;377
40;15;378
40;16;367
40;16;370
40;16;371
40;16;373
40;16;378
40;17;365
40;17;366
40;17;369
40;17;374
40;18;367
40;18;368
40;18;369
40;18;372
40;18;377
40;18;379
40;19;363
40;19;366
40;19;367
40;19;372
40;19;376
40;19;377
40;19;379
40;19;396
40;20;370
40;20;373
40;20;393
40;20;394
40;20;396
40;20;397
40;21;363
40;21;370
40;21;372
40;21;373
40;21;374
40;21;379
40;21;393
40;21;394
40;21;395
40;21;397
40;22;363
40;22;364
40;22;366
40;22;367
40;22;368
40;22;370
40;22;371
40;22;372
40;22;373
40;22;374
40;22;375
40;22;376
40;22;377
40;22;379
40;22;380
40;22;392
40;22;393
40;22;394
40;22;397
40;22;398
40;23;364
40;23;367
40;23;368
40;23;369
40;23;370
40;23;371
40;23;372
40;23;373
40;23;375
40;23;376
40;23;392
40;23;395
40;23;398
40;24;363
40;24;364
40;24;370
40;24;372
40;24;376
40;24;380
40;24;395
40;24;398
40;25;372
40;25;377
40;25;379
40;25;380
40;25;381
40;25;389
40;25;391
40;25;395
40;25;397
40;25;398
40;25;399
40;26;369
40;26;375
40;26;377
40;26;378
40;26;395
40;26;396
40;26;398
40;26;399
40;27;368
40;27;370
40;27;373
40;27;390
40;27;396
40;27;398
40;27;399
40;27;400
40;28;375
40;28;379
40;28;388
40;28;392
40;28;399
40;29;370
40;29;379
40;29;391
40;29;392
40;29;393
40;29;394
40;29;395
40;29;397
40;29;401
40;30;370
40;30;371
40;30;388
40;30;390
40;30;391
40;30;392
40;30;393
40;30;394
40;30;395
40;30;398
40;30;400
40;30;401
40;31;371
40;31;390
40;31;391
40;31;392
40;31;396
40;31;398
40;31;399
40;32;368
40;32;369
40;32;387
40;32;391
40;32;392
40;32;393
40;32;394
40;32;398
40;32;400
41;13;371
41;14;371
41;15;369
41;15;370
41;15;371
41;15;372
41;15;373
41;15;374
41;15;375
41;15;376
41;15;378
41;16;367
41;16;368
41;16;369
41;16;370
41;16;371
41;16;373
41;16;374
41;16;376
41;16;378
41;17;365
41;17;366
41;17;369
41;17;370
41;17;371
41;17;373
41;17;374
41;17;375
41;17;376
41;17;379
41;18;368
41;18;369
41;18;370
41;18;372
41;18;373
41;18;374
41;18;375
41;18;376
41;18;377
41;18;378
41;18;379
41;19;365
41;19;366
41;19;367
41;19;369
41;19;370
41;19;371
41;19;372
41;19;373
41;19;374
41;19;375
41;19;376
41;19;378
41;20;365
41;20;366
41;20;369
41;20;370
41;20;371
41;20;372
41;20;373
41;20;374
41;20;376
41;20;377
41;20;378
41;20;379
41;21;367
41;21;368
41;21;369
41;21;370
41;21;371
41;21;372
41;21;373
41;21;374
41;21;375
41;21;376
41;21;378
41;21;379
41;22;364
41;22;367
41;22;370
41;22;371
41;22;372
41;22;373
41;22;374
41;22;375
41;22;377
41;22;379
41;22;380
41;22;393
41;22;398
41;23;365
41;23;366
41;23;367
41;23;368
41;23;370
41;23;371
41;23;372
41;23;373
41;23;374
41;23;375
41;23;376
41;23;379
41;23;380
41;23;394
41;23;395
41;23;397
41;24;369
41;24;371
41;24;373
41;24;375
41;24;377
41;24;378
41;24;379
41;24;380
41;24;381
41;25;369
41;25;372
41;25;373
41;25;374
41;25;375
41;25;377
41;25;378
41;25;380
41;25;381
41;26;368
41;26;373
41;26;374
41;26;375
41;26;376
41;26;377
41;26;378
41;26;379
41;26;392
41;26;394
41;27;372
41;27;373
41;27;374
41;27;375
41;27;376
41;27;378
41;27;396
41;28;371
41;28;375
41;28;376
41;28;379
41;28;380
41;28;385
41;28;390
41;28;393
41;28;399
41;29;370
41;29;375
41;29;376
41;29;378
41;29;379
41;29;389
41;29;390
41;29;393
41;29;394
41;29;401
41;30;370
41;30;376
41;30;377
41;30;378
41;30;386
41;30;393
41;30;394
41;31;369
41;31;371
41;31;373
41;31;378
41;31;385
41;31;391
41;31;392
41;31;396
41;32;368
41;32;369
41;32;386
41;32;387
41;32;392
41;32;393
41;32;397
41;32;399
41;32;400
42;14;370
42;15;371
42;16;366
42;17;372
42;17;373
42;18;368
42;18;369
42;18;371
42;18;372
42;18;373
42;19;368
42;19;369
42;19;371
42;19;372
42;19;373
42;19;377
42;20;370
42;20;372
42;20;373
42;20;374
42;20;376
42;20;393
42;21;371
42;21;373
42;21;374
42;21;377
42;21;379
42;21;393
42;22;365
42;22;370
42;22;371
42;22;373
42;22;377
42;22;380
42;22;392
42;22;393
42;22;395
42;23;363
42;23;365
42;23;372
42;23;373
42;23;376
42;23;393
42;24;371
42;24;376
42;24;378
42;24;398
42;24;399
42;25;368
42;25;371
42;25;378
42;25;379
42;25;389
42;25;391
42;25;393
42;25;394
42;25;395
42;25;397
42;25;398
42;25;399
42;26;374
42;26;393
42;26;395
42;26;398
42;26;399
42;27;370
42;27;375
42;27;376
42;27;379
42;27;380
42;27;389
42;27;396
42;27;399
42;27;400
42;28;387
42;28;400
42;29;370
42;29;375
42;29;389
42;29;390
42;29;400
42;30;370
42;30;372
42;30;378
42;30;387
42;30;388
42;30;390
42;30;396
42;30;397
42;30;398
42;30;400
42;30;401
42;31;378
42;31;390
42;31;392
42;31;393
42;31;401
42;32;377
42;32;385
42;32;387
42;32;391
42;32;392
42;32;394
42;32;398
42;32;400
43;14;377
43;15;377
43;18;373
43;20;370
43;20;373
43;21;365
43;21;370
43;22;364
43;22;366
43;22;371
43;22;372
43;22;380
43;22;392
43;23;365
43;23;371
43;23;372
43;23;375
43;23;376
43;24;364
43;24;365
43;24;371
43;24;372
43;24;374
43;25;372
43;25;375
43;25;379
43;25;380
43;25;389
43;26;375
43;26;376
43;26;377
43;27;370
43;27;376
43;27;378
43;27;380
43;27;386
43;27;390
43;28;371
43;28;376
43;28;377
43;28;380
43;28;398
43;29;375
43;29;376
43;29;377
43;30;374
43;30;375
43;30;376
43;30;377
43;30;378
43;32;377
44;27;380
46;13;371
46;15;370
46;15;371
46;17;368
46;17;377
46;19;363
46;19;366
46;19;367
46;19;373
46;19;395
46;20;366
46;20;375
46;20;395
46;21;372
46;21;377
46;21;395
46;21;397
46;22;372
46;22;376
46;22;377
46;22;379
46;22;394
46;23;370
46;23;375
46;23;376
46;23;396
46;23;398
46;24;369
46;24;372
46;24;378
46;24;393
46;25;388
46;25;390
46;25;399
46;26;389
46;27;371
46;27;375
46;27;380
46;27;387
46;27;389
46;27;392
46;27;396
46;27;398
46;28;379
46;28;380
46;28;385
46;28;386
46;28;388
46;29;386
46;29;390
46;29;391
46;29;392
46;29;396
46;30;391
46;31;371
46;31;385
46;31;389
46;31;391
46;31;392
46;31;394
46;31;395
46;32;377
46;32;385
46;32;391
46;32;392
46;32;394
46;32;396
46;32;399
47;15;370
47;15;375
47;16;378
47;17;368
47;17;371
47;17;377
47;18;371
47;19;366
47;19;367
47;19;379
47;20;364
47;20;366
47;20;370
47;20;393
47;21;365
47;21;367
47;21;370
47;21;371
47;21;372
47;21;395
47;22;363
47;22;366
47;22;374
47;22;375
47;23;366
47;23;379
47;23;380
47;24;366
47;24;369
47;24;371
47;25;369
47;25;371
47;25;389
47;26;374
47;26;380
47;26;387
47;26;389
47;26;393
47;26;400
47;27;372
47;27;380
47;27;388
47;27;397
47;28;374
47;28;379
47;28;380
47;28;386
47;28;387
47;28;388
47;28;391
47;28;396
47;28;397
47;28;399
47;29;385
47;29;391
47;30;385
47;30;388
47;30;390
47;30;391
47;30;392
47;30;396
47;31;371
47;31;385
47;31;386
47;31;391
47;31;394
47;32;374
47;32;391
48;19;378
48;21;393
48;22;372
48;22;375
48;23;372
48;25;389
48;27;380
48;27;397
48;27;398
48;28;385
48;28;386
48;28;398
48;29;385
48;30;387
48;31;385
48;31;387
48;32;391
49;21;397
49;22;397
49;22;398
49;23;398
49;25;399
49;26;400
49;27;401
49;28;401
49;29;401
49;30;401
49;32;400
49;32;401
50;14;376
50;14;377
50;14;378
50;15;376
50;15;377
50;15;378
50;16;378
50;17;378
50;17;379
50;18;379
50;19;379
50;19;394
50;19;395
50;19;396
50;20;379
50;20;380
50;20;393
50;20;394
50;20;396
50;20;397
50;21;380
50;21;392
50;21;393
50;21;397
50;22;380
50;22;391
50;22;392
50;22;394
50;22;397
50;22;398
50;23;380
50;23;381
50;23;390
50;23;391
50;23;398
50;23;399
50;24;381
50;24;389
50;24;390
50;24;391
50;24;394
50;24;399
50;25;381
50;25;387
50;25;388
50;25;389
50;25;399
50;25;400
50;26;380
50;26;381
50;26;386
50;26;387
50;26;400
50;27;380
50;27;381
50;27;386
50;27;400
50;27;401
50;28;380
50;28;400
50;28;401
50;29;379
50;29;385
50;29;400
50;29;401
50;29;402
50;30;378
50;30;401
50;30;402
50;31;379
50;31;401
50;31;402
50;32;379
50;32;400
50;32;401
51;14;377
51;15;373
51;18;372
51;22;380
51;23;369
51;30;370
51;30;386
51;30;387
51;32;377
